ID,name,company,year,price,kms_driven,fuel_type,sale_date,color,volume
1,K5,KIA,2019,25000,85000,Petrol,2022-04-03,Black,2.5
2,K5,KIA,2016,18000,120000,LPG,2020-06-15,White,2.0
3,K5,KIA,2020,27000,65000,LPG,2023-01-22,Blue,2.0
4,K5,KIA,2018,22000,140000,Petrol,2021-09-30,Red,2.5
5,K5,KIA,2017,20000,90000,LPG,2021-03-15,Gray,2.0
6,K5,KIA,2021,30000,45000,LPG,2023-10-10,Green,2.0
7,K5,KIA,2019,25000,85000,Petrol,2022-04-03,Black,2.5
8,K5,KIA,2016,18000,120000,LPG,2020-06-15,White,2.0
9,K5,KIA,2020,27000,65000,LPG,2023-01-22,Blue,2.0
10,K5,KIA,2018,22000,140000,Petrol,2021-09-30,Red,2.5
11,K5,KIA,2017,20000,90000,LPG,2021-03-15,Gray,2.0
12,K5,KIA,2021,30000,45000,LPG,2023-10-10,Green,2.0
13,K5,KIA,2019,25000,85000,Petrol,2022-04-03,Black,2.5
14,K5,KIA,2016,18000,120000,LPG,2020-06-15,White,2.0
15,K5,KIA,2020,27000,65000,LPG,2023-01-22,Blue,2.0
16,K5,KIA,2018,22000,140000,Petrol,2021-09-30,Red,2.5
17,K5,KIA,2017,20000,90000,LPG,2021-03-15,Gray,2.0
18,K5,KIA,2021,30000,45000,LPG,2023-10-10,Green,2.0
19,K5,KIA,2019,25000,85000,Petrol,2022-04-03,Black,2.5
20,K5,KIA,2016,18000,120000,LPG,2020-06-15,White,2.0
21,K5,KIA,2020,27000,65000,LPG,2023-01-22,Blue,2.0
22,K5,KIA,2018,22000,140000,Petrol,2021-09-30,Red,2.5
23,K5,KIA,2017,20000,90000,LPG,2021-03-15,Gray,2.0
24,K5,KIA,2021,30000,45000,LPG,2023-10-10,Green,2.0
25,K5,KIA,2019,25000,85000,Petrol,2022-04-03,Black,2.5
26,K5,KIA,2016,18000,120000,LPG,2020-06-15,White,2.0
27,K5,KIA,2020,27000,65000,LPG,2023-01-22,Blue,2.0
28,K5,KIA,2018,22000,140000,Petrol,2021-09-30,Red,2.5
29,K5,KIA,2017,20000,90000,LPG,2021-03-15,Gray,2.0
30,K5,KIA,2021,30000,45000,LPG,2023-10-10,Green,2.0
31,K5,KIA,2019,25000,85000,Petrol,2022-04-03,Black,2.5
32,K5,KIA,2016,18000,120000,LPG,2020-06-15,White,2.0
33,K5,KIA,2020,27000,65000,LPG,2023-01-22,Blue,2.0
34,K5,KIA,2018,22000,140000,Petrol,2021-09-30,Red,2.5
35,K5,KIA,2017,20000,90000,LPG,2021-03-15,Gray,2.0
36,K5,KIA,2021,30000,45000,LPG,2023-10-10,Green,2.0
37,K5,KIA,2019,25000,85000,Petrol,2022-04-03,Black,2.5
38,K5,KIA,2016,18000,120000,LPG,2020-06-15,White,2.0
39,K5,KIA,2020,27000,65000,LPG,2023-01-22,Blue,2.0
40,K5,KIA,2018,22000,140000,Petrol,2021-09-30,Red,2.5
41,K5,KIA,2017,20000,90000,LPG,2021-03-15,Gray,2.0
42,K5,KIA,2021,30000,45000,LPG,2023-10-10,Green,2.0
43,K5,KIA,2019,25000,85000,Petrol,2022-04-03,Black,2.5
44,K5,KIA,2016,18000,120000,LPG,2020-06-15,White,2.0
45,K5,KIA,2020,27000,65000,LPG,2023-01-22,Blue,2.0
46,K5,KIA,2018,22000,140000,Petrol,2021-09-30,Red,2.5
47,K5,KIA,2017,20000,90000,LPG,2021-03-15,Gray,2.0
48,K5,KIA,2021,30000,45000,LPG,2023-10-10,Green,2.0
49,K5,KIA,2019,25000,85000,Petrol,2022-04-03,Black,2.5
50,K5,KIA,2016,18000,120000,LPG,2020-06-15,White,2.0
51,K5,KIA,2020,27000,65000,LPG,2023-01-22,Blue,2.0
52,K5,KIA,2018,22000,140000,Petrol,2021-09-30,Red,2.5
53,K5,KIA,2017,20000,90000,LPG,2021-03-15,Gray,2.0
54,K5,KIA,2021,30000,45000,LPG,2023-10-10,Green,2.0
55,K5,KIA,2019,25000,85000,Petrol,2022-04-03,Black,2.5
56,K5,KIA,2016,18000,120000,LPG,2020-06-15,White,2.0
57,K5,KIA,2020,27000,65000,LPG,2023-01-22,Blue,2.0
58,K5,KIA,2018,22000,140000,Petrol,2021-09-30,Red,2.5
59,K5,KIA,2017,20000,90000,LPG,2021-03-15,Gray,2.0
60,K5,KIA,2021,30000,45000,LPG,2023-10-10,Green,2.0
61,K5,KIA,2019,25000,85000,Petrol,2022-04-03,Black,2.5
62,K5,KIA,2016,18000,120000,LPG,2020-06-15,White,2.0
63,K5,KIA,2020,27000,65000,LPG,2023-01-22,Blue,2.0
64,K5,KIA,2018,22000,140000,Petrol,2021-09-30,Red,2.5
65,K5,KIA,2017,20000,90000,LPG,2021-03-15,Gray,2.0
66,K5,KIA,2021,30000,45000,LPG,2020-04-19,Red,2.5
67,K5,KIA,2023,31000,25000,Petrol,2024-02-15,Black,2.5
68,K5,KIA,2016,17000,130000,LPG,2020-05-30,White,2.0
69,K5,KIA,2018,23000,110000,LPG,2022-07-12,Blue,2.0
70,K5,KIA,2022,29000,50000,Petrol,2023-09-18,Red,2.5
71,K5,KIA,2017,19500,115000,LPG,2020-11-25,Gray,2.0
72,K5,KIA,2021,30500,47000,LPG,2023-06-30,Green,2.0
73,K5,KIA,2019,25500,88000,Petrol,2022-05-05,Black,2.5
74,K5,KIA,2016,18200,125000,LPG,2020-07-10,White,2.0
75,K5,KIA,2020,27500,67000,LPG,2023-02-10,Blue,2.0
76,K5,KIA,2018,22500,145000,Petrol,2021-11-04,Red,2.5
77,K5,KIA,2017,20500,95000,LPG,2021-04-20,Gray,2.0
78,K5,KIA,2021,31000,46000,LPG,2023-12-01,Green,2.0
79,K5,KIA,2019,26000,89000,Petrol,2022-03-12,Black,2.5
80,K5,KIA,2016,17500,118000,LPG,2020-09-17,White,2.0
81,K5,KIA,2020,28000,66000,LPG,2023-04-08,Blue,2.0
82,K5,KIA,2018,24000,135000,Petrol,2021-07-21,Red,2.5
83,K5,KIA,2017,21000,99000,LPG,2021-05-18,Gray,2.0
84,K5,KIA,2021,31500,48000,LPG,2023-11-03,Green,2.0
85,K5,KIA,2019,26500,86000,Petrol,2022-06-14,Black,2.5
86,K5,KIA,2016,19000,126000,LPG,2020-12-27,White,2.0
87,K5,KIA,2020,28500,63000,LPG,2023-03-23,Blue,2.0
88,K5,KIA,2018,23500,142000,Petrol,2021-10-09,Red,2.5
89,K5,KIA,2017,21500,92000,LPG,2021-02-06,Gray,2.0
90,K5,KIA,2021,32000,45000,LPG,2023-08-22,Green,2.0
91,K5,KIA,2019,27000,82000,Petrol,2022-09-28,Black,2.5
92,K5,KIA,2016,18000,128000,LPG,2020-03-15,White,2.0
93,K5,KIA,2020,29000,61000,LPG,2023-05-25,Blue,2.0
94,K5,KIA,2018,24500,138000,Petrol,2021-12-18,Red,2.5
95,K5,KIA,2017,22000,102000,LPG,2021-01-10,Gray,2.0
96,K5,KIA,2021,32500,43000,LPG,2023-07-15,Green,2.0
97,K5,KIA,2019,27500,83000,Petrol,2022-08-05,Black,2.5
98,K5,KIA,2016,18500,121000,LPG,2020-10-20,White,2.0
99,K5,KIA,2020,29500,64000,LPG,2023-11-27,Blue,2.0
100,K5,KIA,2018,25000,139000,Petrol,2021-06-13,Red,2.5


101,K5,KIA,2018,21500,95000,Petrol,2021-11-22,Silver,2.5
102,K5,KIA,2019,23500,87000,LPG,2022-03-12,White,2.0
103,K5,KIA,2020,25000,54000,Petrol,2023-02-15,Blue,2.0
104,K5,KIA,2021,27500,37000,Petrol,2023-05-10,Black,2.5
105,K5,KIA,2020,24500,69000,LPG,2023-06-18,Gray,2.0
106,K5,KIA,2017,18000,110000,Petrol,2020-09-30,Red,2.5
107,K5,KIA,2016,15000,128000,LPG,2020-11-15,Green,2.0
108,K5,KIA,2019,23000,84000,Petrol,2022-01-30,White,2.5
109,K5,KIA,2021,28500,45000,LPG,2023-08-20,Blue,2.0
110,K5,KIA,2020,26000,60000,Petrol,2023-12-01,Black,1.6
111,K5,KIA,2018,21000,112000,LPG,2021-04-15,Gray,2.0
112,K5,KIA,2019,22000,91000,Petrol,2022-07-10,Red,2.5
113,K5,KIA,2020,25500,68000,LPG,2023-03-05,Green,1.6
114,K5,KIA,2017,16500,118000,Petrol,2021-02-18,White,2.5
115,K5,KIA,2021,29000,42000,Petrol,2023-09-22,Blue,1.6
116,K5,KIA,2020,26500,59000,LPG,2023-11-18,Black,2.0
117,K5,KIA,2018,20500,120000,Petrol,2021-10-10,Gray,2.5
118,K5,KIA,2019,24000,86000,LPG,2022-04-25,Red,2.0
119,K5,KIA,2021,30000,41000,Petrol,2023-06-12,Green,2.5
120,K5,KIA,2020,28000,55000,LPG,2023-05-28,White,1.6
121,K5,KIA,2018,19000,115000,Petrol,2021-08-15,Blue,2.5
122,K5,KIA,2019,22500,88000,LPG,2022-02-12,Black,2.0
123,K5,KIA,2020,24500,66000,Petrol,2023-03-20,Gray,1.6
124,K5,KIA,2021,27500,39000,LPG,2023-10-11,Red,2.0
125,K5,KIA,2018,21000,117000,Petrol,2021-05-06,Green,2.5
126,K5,KIA,2019,23500,92000,LPG,2022-08-19,White,2.0
127,K5,KIA,2020,26000,63000,Petrol,2023-04-14,Blue,1.6
128,K5,KIA,2021,28500,46000,LPG,2023-09-05,Black,2.0
129,K5,KIA,2018,19500,113000,Petrol,2021-07-20,Gray,2.5
130,K5,KIA,2019,23000,85000,LPG,2022-03-17,Red,2.0
131,K5,KIA,2020,25500,61000,Petrol,2023-06-18,Green,1.6
132,K5,KIA,2021,29000,43000,LPG,2023-12-02,White,2.0
133,K5,KIA,2018,20000,119000,Petrol,2021-10-28,Blue,2.5
134,K5,KIA,2019,24500,80000,LPG,2022-05-30,Black,2.0
135,K5,KIA,2020,27000,58000,Petrol,2023-08-25,Gray,1.6
136,K5,KIA,2021,30500,41000,LPG,2023-07-20,Red,2.0
137,K5,KIA,2018,18000,122000,Petrol,2021-06-15,Green,2.5
138,K5,KIA,2019,23500,89000,LPG,2022-04-10,White,2.0
139,K5,KIA,2020,25000,62000,Petrol,2023-09-30,Blue,1.6
140,K5,KIA,2021,29500,44000,LPG,2023-11-21,Black,2.0
141,K5,KIA,2018,19500,115000,Petrol,2021-03-12,Gray,2.5
142,K5,KIA,2019,22000,87000,LPG,2022-06-22,Red,2.0
143,K5,KIA,2020,26000,60000,Petrol,2023-07-19,Green,1.6
144,K5,KIA,2021,28000,46000,LPG,2023-08-13,White,2.0
145,K5,KIA,2018,20500,110000,Petrol,2021-09-05,Blue,2.5
146,K5,KIA,2019,24000,84000,LPG,2022-01-15,Black,2.0
147,K5,KIA,2020,26500,57000,Petrol,2023-10-10,Gray,1.6
148,K5,KIA,2021,31000,42000,LPG,2023-11-17,Red,2.0
149,K5,KIA,2018,19000,118000,Petrol,2021-04-28,Green,2.5
150,K5,KIA,2019,23000,86000,LPG,2022-02-20,White,2.0

151,K5,KIA,2018,20000,108000,Petrol,2021-05-25,Blue,2.5
152,K5,KIA,2019,22500,90000,LPG,2022-03-14,Black,2.0
153,K5,KIA,2020,24500,65000,Petrol,2023-01-18,Gray,1.6
154,K5,KIA,2021,27000,48000,LPG,2023-04-09,Red,2.0
155,K5,KIA,2018,21000,117000,Petrol,2021-07-02,Green,2.5
156,K5,KIA,2019,23500,92000,LPG,2022-02-28,White,2.0
157,K5,KIA,2020,25500,62000,Petrol,2023-03-25,Blue,1.6
158,K5,KIA,2021,28000,45000,LPG,2023-05-13,Black,2.0
159,K5,KIA,2018,19500,119000,Petrol,2021-08-12,Gray,2.5
160,K5,KIA,2019,23000,86000,LPG,2022-01-21,Red,2.0
161,K5,KIA,2020,26500,61000,Petrol,2023-02-17,Green,1.6
162,K5,KIA,2021,29000,43000,LPG,2023-06-08,White,2.0
163,K5,KIA,2018,18500,121000,Petrol,2021-10-04,Blue,2.5
164,K5,KIA,2019,21500,91000,LPG,2022-04-14,Black,2.0
165,K5,KIA,2020,24000,67000,Petrol,2023-05-01,Gray,1.6
166,K5,KIA,2021,26500,40000,LPG,2023-06-27,Red,2.0
167,K5,KIA,2018,19500,110000,Petrol,2021-09-15,Green,2.5
168,K5,KIA,2019,22000,89000,LPG,2022-03-10,White,2.0
169,K5,KIA,2020,25000,62000,Petrol,2023-07-19,Blue,1.6
170,K5,KIA,2021,27500,45000,LPG,2023-08-03,Black,2.0
171,K5,KIA,2018,20000,116000,Petrol,2021-06-24,Gray,2.5
172,K5,KIA,2019,23500,87000,LPG,2022-01-30,Red,2.0
173,K5,KIA,2020,26000,60000,Petrol,2023-03-12,Green,1.6
174,K5,KIA,2021,28500,43000,LPG,2023-07-24,White,2.0
175,K5,KIA,2018,19000,115000,Petrol,2021-08-18,Blue,2.5
176,K5,KIA,2019,22000,90000,LPG,2022-02-11,Black,2.0
177,K5,KIA,2020,24000,64000,Petrol,2023-05-09,Gray,1.6
178,K5,KIA,2021,26500,41000,LPG,2023-06-30,Red,2.0
179,K5,KIA,2018,20500,111000,Petrol,2021-11-19,Green,2.5
180,K5,KIA,2019,23000,87000,LPG,2022-04-06,White,2.0
181,K5,KIA,2020,25000,63000,Petrol,2023-02-22,Blue,1.6
182,K5,KIA,2021,27500,42000,LPG,2023-10-07,Black,2.0
183,K5,KIA,2018,18500,112000,Petrol,2021-07-23,Gray,2.5
184,K5,KIA,2019,21500,86000,LPG,2022-03-25,Red,2.0
185,K5,KIA,2020,23500,65000,Petrol,2023-04-18,Green,1.6
186,K5,KIA,2021,26500,44000,LPG,2023-06-11,White,2.0
187,K5,KIA,2018,20000,117000,Petrol,2021-09-29,Blue,2.5
188,K5,KIA,2019,22000,87000,LPG,2022-05-03,Black,2.0
189,K5,KIA,2020,25000,60000,Petrol,2023-07-10,Gray,1.6
190,K5,KIA,2021,27500,41000,LPG,2023-08-25,Red,2.0
191,K5,KIA,2018,18000,118000,Petrol,2021-06-14,Green,2.5
192,K5,KIA,2019,23500,92000,LPG,2022-01-12,White,2.0
193,K5,KIA,2020,26000,64000,Petrol,2023-03-21,Blue,1.6
194,K5,KIA,2021,29000,45000,LPG,2023-05-16,Black,2.0
195,K5,KIA,2018,20000,113000,Petrol,2021-08-09,Gray,2.5
196,K5,KIA,2019,22000,85000,LPG,2022-04-11,Red,2.0
197,K5,KIA,2020,24500,61000,Petrol,2023-06-04,Green,1.6
198,K5,KIA,2021,27500,42000,LPG,2023-09-14,White,2.0
199,K5,KIA,2018,18000,114000,Petrol,2021-10-02,Blue,2.5
200,K5,KIA,2019,23000,87000,LPG,2022-02-20,Black,2.0
201,K5,KIA,2018,19500,118000,Petrol,2021-06-10,Blue,2.5
202,K5,KIA,2019,22000,94000,LPG,2022-02-15,Black,2.0
203,K5,KIA,2020,24500,67000,Petrol,2023-01-14,Gray,1.6
204,K5,KIA,2021,27000,49000,LPG,2023-04-02,Red,2.0
205,K5,KIA,2018,20500,125000,Petrol,2021-07-05,Green,2.5
206,K5,KIA,2019,23000,99000,LPG,2022-03-09,White,2.0
207,K5,KIA,2020,25500,69000,Petrol,2023-02-18,Blue,1.6
208,K5,KIA,2021,28000,47000,LPG,2023-05-13,Black,2.0
209,K5,KIA,2018,19000,126000,Petrol,2021-08-16,Gray,2.5
210,K5,KIA,2019,22500,93000,LPG,2022-01-29,Red,2.0
211,K5,KIA,2020,26500,71000,Petrol,2023-02-14,Green,1.6
212,K5,KIA,2021,29000,45000,LPG,2023-05-21,White,2.0
213,K5,KIA,2018,18500,128000,Petrol,2021-09-01,Blue,2.5
214,K5,KIA,2019,21500,96000,LPG,2022-03-06,Black,2.0
215,K5,KIA,2020,24000,72000,Petrol,2023-01-09,Gray,1.6
216,K5,KIA,2021,26500,48000,LPG,2023-06-27,Red,2.0
217,K5,KIA,2018,19500,118000,Petrol,2021-07-29,Green,2.5
218,K5,KIA,2019,22000,97000,LPG,2022-03-18,White,2.0
219,K5,KIA,2020,25500,75000,Petrol,2023-05-08,Blue,1.6
220,K5,KIA,2021,28000,49000,LPG,2023-06-14,Black,2.0
221,K5,KIA,2018,18500,125000,Petrol,2021-10-03,Gray,2.5
222,K5,KIA,2019,22500,94000,LPG,2022-04-11,Red,2.0
223,K5,KIA,2020,24000,78000,Petrol,2023-04-19,Green,1.6
224,K5,KIA,2021,27000,50000,LPG,2023-08-22,White,2.0
225,K5,KIA,2018,19000,130000,Petrol,2021-08-07,Blue,2.5
226,K5,KIA,2019,21000,99000,LPG,2022-01-19,Black,2.0
227,K5,KIA,2020,23500,71000,Petrol,2023-05-30,Gray,1.
228,K5,KIA,2021,26500,46000,LPG,2023-07-09,Red,2.0
229,K5,KIA,2018,18500,127000,Petrol,2021-09-20,Green,2.5
230,K5,KIA,2019,22000,95000,LPG,2022-02-27,White,2.0
231,K5,KIA,2020,25000,75000,Petrol,2023-03-11,Blue,1.6
232,K5,KIA,2021,27500,49000,LPG,2023-05-23,Black,2.0
233,K5,KIA,2018,18000,129000,Petrol,2021-06-19,Gray,2.5
234,K5,KIA,2019,21500,91000,LPG,2022-04-01,Red,2.0
235,K5,KIA,2020,24500,74000,Petrol,2023-02-16,Green,1.6
236,K5,KIA,2021,27000,46000,LPG,2023-07-18,White,2.0
237,K5,KIA,2018,18500,132000,Petrol,2021-09-25,Blue,2.5
238,K5,KIA,2019,22500,96000,LPG,2022-01-06,Black,2.0
239,K5,KIA,2020,26000,76000,Petrol,2023-04-15,Gray,1.6
240,K5,KIA,2021,28500,48000,LPG,2023-08-01,Red,2.0
241,K5,KIA,2018,18000,135000,Petrol,2021-07-08,Green,2.5
242,K5,KIA,2019,21000,93000,LPG,2022-02-10,White,2.0
243,K5,KIA,2020,23500,77000,Petrol,2023-01-24,Blue,1.6
244,K5,KIA,2021,27000,47000,LPG,2023-06-30,Black,2.0
245,K5,KIA,2018,18500,131000,Petrol,2021-10-16,Gray,2.5
246,K5,KIA,2019,21500,98000,LPG,2022-03-29,Red,2.0
247,K5,KIA,2020,25000,73000,Petrol,2023-03-06,Green,1.6
248,K5,KIA,2021,27500,49000,LPG,2023-09-07,White,2.0
249,K5,KIA,2018,18000,134000,Petrol,2021-08-12,Blue,2.5
250,K5,KIA,2019,22000,92000,LPG,2022-02-23,Black,2.0
251,K5,KIA,2018,15000,134000,Petrol,2023-01-02,Blue,2.5
252,K5,KIA,2019,17000,94000,LPG,2023-02-15,Black,2.0
253,K5,KIA,2020,19000,72000,Petrol,2023-03-18,Gray,1.6
254,K5,KIA,2021,21000,49000,LPG,2023-04-22,Red,2.0
255,K5,KIA,2018,15500,128000,Petrol,2023-05-14,Green,2.5
256,K5,KIA,2019,16500,97000,LPG,2023-06-29,White,2.0
257,K5,KIA,2020,19500,75000,Petrol,2023-07-10,Blue,1.6
258,K5,KIA,2021,22000,47000,LPG,2023-08-04,Black,2.0
259,K5,KIA,2018,15000,126000,Petrol,2023-09-11,Gray,2.5
260,K5,KIA,2019,17000,93000,LPG,2023-10-02,Red,2.0
261,K5,KIA,2020,19000,78000,Petrol,2023-11-19,Green,1.6
262,K5,KIA,2021,21500,50000,LPG,2023-12-30,White,2.0
263,K5,KIA,2018,15000,130000,Petrol,2024-01-14,Blue,2.5
264,K5,KIA,2019,16000,96000,LPG,2024-02-03,Black,2.0
265,K5,KIA,2020,18500,72000,Petrol,2024-03-15,Gray,1.6
266,K5,KIA,2021,21000,48000,LPG,2024-04-25,Red,2.0
267,K5,KIA,2018,15500,132000,Petrol,2023-05-29,Green,2.5
268,K5,KIA,2019,17000,97000,LPG,2023-06-13,White,2.0
269,K5,KIA,2020,20000,77000,Petrol,2023-07-27,Blue,1.6
270,K5,KIA,2021,22500,49000,LPG,2023-08-05,Black,2.0
271,K5,KIA,2018,15000,128000,Petrol,2023-09-23,Gray,2.5
272,K5,KIA,2019,17500,95000,LPG,2023-10-30,Red,2.0
273,K5,KIA,2020,20500,73000,Petrol,2023-11-09,Green,1.6
274,K5,KIA,2021,23000,46000,LPG,2023-12-15,White,2.0
275,K5,KIA,2018,15500,132000,Petrol,2024-01-11,Blue,2.5
276,K5,KIA,2019,17000,96000,LPG,2024-02-05,Black,2.0
277,K5,KIA,2020,19000,74000,Petrol,2024-03-20,Gray,1.6
278,K5,KIA,2021,21500,48000,LPG,2024-04-09,Red,2.0
279,K5,KIA,2018,16000,129000,Petrol,2023-06-05,Green,2.5
280,K5,KIA,2019,17500,95000,LPG,2023-07-12,White,2.0
281,K5,KIA,2020,20500,75000,Petrol,2023-08-22,Blue,1.6
282,K5,KIA,2021,23000,49000,LPG,2023-09-14,Black,2.0
283,K5,KIA,2018,15500,128000,Petrol,2023-10-01,Gray,2.5
284,K5,KIA,2019,16500,92000,LPG,2023-11-11,Red,2.0
285,K5,KIA,2020,19000,72000,Petrol,2023-12-21,Green,1.6
286,K5,KIA,2021,21500,47000,LPG,2024-01-04,White,2.0
287,K5,KIA,2018,15000,134000,Petrol,2023-05-17,Blue,2.5
288,K5,KIA,2019,17000,94000,LPG,2023-06-20,Black,2.0
289,K5,KIA,2020,19000,72000,Petrol,2023-07-16,Gray,1.6
290,K5,KIA,2021,21000,49000,LPG,2023-08-21,Red,2.0
291,K5,KIA,2018,15500,128000,Petrol,2023-09-25,Green,2.5
292,K5,KIA,2019,16500,97000,LPG,2023-10-05,White,2.0
293,K5,KIA,2020,19500,75000,Petrol,2023-11-22,Blue,1.6
294,K5,KIA,2021,22000,47000,LPG,2023-12-10,Black,2.0
295,K5,KIA,2018,15000,126000,Petrol,2024-01-20,Gray,2.5
296,K5,KIA,2019,17000,93000,LPG,2024-02-16,Red,2.0
297,K5,KIA,2020,19000,78000,Petrol,2024-03-08,Green,1.6
298,K5,KIA,2021,21500,50000,LPG,2024-04-14,White,2.0
299,K5,KIA,2018,15500,130000,Petrol,2024-05-12,Blue,2.5
300,K5,KIA,2019,16000,96000,LPG,2024-05-20,Black,2.0

301,K5,KIA,2018,14500,127000,Petrol,2024-02-10,Black,2.5
302,K5,KIA,2019,16000,95000,Petrol,2024-04-03,White,2.5
303,K5,KIA,2017,13000,110000,LPG,2024-01-25,Gray,2.5
304,K5,KIA,2020,18000,78000,LPG,2024-05-10,Blue,2.5
305,K5,KIA,2018,14500,125000,Petrol,2024-03-15,Silver,2.5
306,K5,KIA,2019,16000,93000,LPG,2024-02-29,White,2.5
307,K5,KIA,2017,13000,105000,LPG,2024-04-20,Black,2.5
308,K5,KIA,2020,18000,76000,Petrol,2024-01-10,White,2.5
309,K5,KIA,2018,14500,129000,Petrol,2024-05-03,Gray,2.5
310,K5,KIA,2019,16000,91000,LPG,2024-03-08,Blue,2.5
311,K5,KIA,2017,13000,100000,Petrol,2024-02-15,Silver,2.5
312,K5,KIA,2020,18000,74000,LPG,2024-04-30,White,2.5
313,K5,KIA,2018,14500,131000,LPG,2024-01-22,Black,2.5
314,K5,KIA,2019,16000,89000,Petrol,2024-03-18,White,2.5
315,K5,KIA,2017,13000,95000,Petrol,2024-05-12,Gray,2.5
316,K5,KIA,2020,18000,72000,LPG,2024-02-29,Blue,2.5
317,K5,KIA,2018,14500,133000,Petrol,2024-04-15,Silver,2.5
318,K5,KIA,2019,16000,87000,LPG,2024-01-12,White,2.5
319,K5,KIA,2017,13000,98000,LPG,2024-03-05,Black,2.5
320,K5,KIA,2020,18000,70000,Petrol,2024-05-20,White,2.5
321,K5,KIA,2018,14500,135000,LPG,2024-02-10,Gray,2.5
322,K5,KIA,2019,16000,85000,Petrol,2024-04-03,Blue,2.5
323,K5,KIA,2017,13000,101000,LPG,2024-01-25,Silver,2.5
324,K5,KIA,2020,18000,68000,Petrol,2024-03-10,White,2.5
325,K5,KIA,2018,14500,137000,Petrol,2024-05-15,Black,2.5
326,K5,KIA,2019,16000,83000,LPG,2024-02-29,White,2.5
327,K5,KIA,2017,13000,103000,Petrol,2024-04-20,Gray,2.5
328,K5,KIA,2020,18000,66000,LPG,2024-01-10,Blue,2.5
329,K5,KIA,2018,14500,139000,LPG,2024-03-25,Silver,2.5
330,K5,KIA,2019,16000,81000,Petrol,2024-05-08,White,2.5
331,K5,KIA,2017,13000,105000,LPG,2024-02-15,Black,2.5
332,K5,KIA,2020,18000,64000,Petrol,2024-04-30,White,2.5
333,K5,KIA,2018,14500,141000,Petrol,2024-01-22,Gray,2.5
334,K5,KIA,2019,16000,79000,LPG,2024-03-18,Blue,2.5
335,K5,KIA,2017,13000,107000,Petrol,2024-05-12,Silver,2.5
336,K5,KIA,2020,18000,62000,LPG,2024-02-29,White,2.5
337,K5,KIA,2018,14500,143000,LPG,2024-04-15,Black,2.5
338,K5,KIA,2019,16000,77000,Petrol,2024-01-12,White,2.5
339,K5,KIA,2017,13000,109000,LPG,2024-03-05,Gray,2.5
340,K5,KIA,2020,18000,60000,Petrol,2024-05-20,Blue,2.5
341,K5,KIA,2018,14500,145000,Petrol,2024-02-10,Silver,2.5
342,K5,KIA,2019,16000,75000,LPG,2024-04-03,White,2.5
343,K5,KIA,2017,13000,111000,Petrol,2024-01-25,Black,2.5
344,K5,KIA,2020,18000,58000,LPG,2024-03-10,White,2.5
345,K5,KIA,2018,14500,147000,LPG,2024-05-15,Gray,2.5
346,K5,KIA,2019,16000,73000,Petrol,2024-02-29,Blue,2.5
347,K5,KIA,2017,13000,113000,Petrol,2024-04-20,Silver,2.5
348,K5,KIA,2020,18000,56000,LPG,2024-01-10,White,2.5
349,K5,KIA,2018,14500,149000,Petrol,2024-03-25,Black,2.5
350,K5,KIA,2019,16000,71000,LPG,2024-05-08,White,2.5
351,K5,KIA,2017,13000,115000,LPG,2024-02-15,Gray,2.5
352,K5,KIA,2020,18000,54000,Petrol,2024-04-30,Blue,2.5
353,K5,KIA,2018,14500,151000,Petrol,2024-01-22,Silver,2.5
354,K5,KIA,2019,16000,69000,LPG,2024-03-18,White,2.5
355,K5,KIA,2017,13000,117000,Petrol,2024-05-12,Black,2.5
356,K5,KIA,2020,18000,52000,LPG,2024-02-29,White,2.5
357,K5,KIA,2018,14500,153000,LPG,2024-04-15,Gray,2.5
358,K5,KIA,2019,16000,67000,Petrol,2024-01-12,Blue,2.5
359,K5,KIA,2017,13000,119000,LPG,2024-03-05,Silver,2.5
360,K5,KIA,2020,18000,50000,Petrol,2024-05-20,White,2.5
361,K5,KIA,2018,14500,155000,Petrol,2024-02-10,Black,2.5
362,K5,KIA,2019,16000,65000,LPG,2024-04-03,White,2.5
363,K5,KIA,2017,13000,121000,LPG,2024-01-25,Gray,2.5
364,K5,KIA,2020,18000,48000,Petrol,2024-03-10,Blue,2.5
365,K5,KIA,2018,14500,157000,LPG,2024-05-15,Silver,2.5
366,K5,KIA,2019,16000,63000,Petrol,2024-02-29,White,2.5
367,K5,KIA,2017,13000,123000,Petrol,2024-04-20,Black,2.5
368,K5,KIA,2020,18000,46000,LPG,2024-01-10,White,2.5
369,K5,KIA,2018,14500,159000,Petrol,2024-03-25,Gray,2.5
370,K5,KIA,2019,16000,61000,LPG,2024-05-08,Blue,2.5
371,K5,KIA,2017,13000,125000,Petrol,2024-02-15,Silver,2.5
372,K5,KIA,2020,18000,44000,LPG,2024-04-30,White,2.5
373,K5,KIA,2018,14500,161000,LPG,2024-01-22,Black,2.5
374,K5,KIA,2019,16000,59000,Petrol,2024-03-18,White,2.5
375,K5,KIA,2017,13000,127000,LPG,2024-05-12,Gray,2.5
376,K5,KIA,2020,18000,42000,Petrol,2024-02-29,Blue,2.5
377,K5,KIA,2018,14500,163000,Petrol,2024-04-15,Silver,2.5
378,K5,KIA,2019,16000,57000,LPG,2024-01-12,White,2.5
379,K5,KIA,2017,13000,129000,LPG,2024-03-05,Black,2.5
380,K5,KIA,2020,18000,40000,Petrol,2024-05-20,White,2.5

381,K5,KIA,2022,23500,29000,Petrol,2024-03-10,White,2.0
382,K5,KIA,2024,27000,6000,LPG,2024-02-22,Black,1.6
383,K5,KIA,2023,24800,65000,Petrol,2024-01-15,Blue,2.0
384,K5,KIA,2023,25200,55000,LPG,2024-05-12,Silver,1.6
385,K5,KIA,2022,23100,33000,Petrol,2024-04-18,White,2.0
386,K5,KIA,2024,26700,8000,LPG,2024-03-05,Gray,1.6
387,K5,KIA,2023,24500,60000,Petrol,2024-05-06,White,2.0
388,K5,KIA,2022,23700,38000,LPG,2024-02-29,Black,1.6
389,K5,KIA,2024,27500,12000,Petrol,2024-04-30,Blue,2.0
390,K5,KIA,2023,24900,65000,LPG,2024-01-11,Silver,1.6
391,K5,KIA,2022,22900,30000,Petrol,2024-03-25,White,2.0
392,K5,KIA,2024,26300,7000,LPG,2024-02-14,Gray,1.6
393,K5,KIA,2023,24100,58000,Petrol,2024-05-20,White,2.0
394,K5,KIA,2022,23300,36000,LPG,2024-04-08,Black,1.6
395,K5,KIA,2024,27900,8500,Petrol,2024-03-12,Blue,2.0
396,K5,KIA,2023,25700,62000,LPG,2024-02-01,Silver,1.6
397,K5,KIA,2022,22800,33000,Petrol,2024-01-24,White,2.0
398,K5,KIA,2024,26800,9500,LPG,2024-05-15,Gray,1.6
399,K5,KIA,2023,24400,68000,Petrol,2024-04-28,White,2.0
400,K5,KIA,2022,23600,34000,LPG,2024-03-17,Black,1.6
401,K5,KIA,2022,23500,29000,Petrol,2024-03-10,White,2.0
402,K5,KIA,2024,27000,6000,LPG,2024-02-22,Black,1.6
403,K5,KIA,2023,24800,65000,Petrol,2024-01-15,Blue,2.0
404,K5,KIA,2023,25200,55000,LPG,2024-05-12,Silver,1.6
405,K5,KIA,2022,23100,33000,Petrol,2024-04-18,White,2.0
406,K5,KIA,2024,26700,8000,LPG,2024-03-05,Gray,1.6
407,K5,KIA,2023,24500,60000,Petrol,2024-05-06,White,2.0
408,K5,KIA,2022,23700,38000,LPG,2024-02-29,Black,1.6
409,K5,KIA,2024,27500,12000,Petrol,2024-04-30,Blue,2.0
410,K5,KIA,2023,24900,65000,LPG,2024-01-11,Silver,1.6
411,K5,KIA,2022,22900,30000,Petrol,2024-03-25,White,2.0
412,K5,KIA,2024,26300,7000,LPG,2024-02-14,Gray,1.6
413,K5,KIA,2023,24100,58000,Petrol,2024-05-20,White,2.0
414,K5,KIA,2022,23300,36000,LPG,2024-04-08,Black,1.6
415,K5,KIA,2024,27900,8500,Petrol,2024-03-12,Blue,2.0
416,K5,KIA,2023,25700,62000,LPG,2024-02-01,Silver,1.6
417,K5,KIA,2022,22800,33000,Petrol,2024-01-24,White,2.0
418,K5,KIA,2024,26800,9500,LPG,2024-05-15,Gray,1.6
419,K5,KIA,2023,24400,68000,Petrol,2024-04-28,White,2.0
420,K5,KIA,2022,23600,34000,LPG,2024-03-17,Black,1.6
421,K5,KIA,2024,27500,11000,Petrol,2024-02-19,Blue,2.0
422,K5,KIA,2023,24200,70000,LPG,2024-01-08,Silver,1.6
423,K5,KIA,2022,23800,32000,Petrol,2024-05-01,White,2.0
424,K5,KIA,2024,26600,10500,LPG,2024-03-25,Gray,1.6
425,K5,KIA,2023,24600,62000,Petrol,2024-02-14,White,2.0
426,K5,KIA,2022,23900,31000,LPG,2024-04-08,Black,1.6
427,K5,KIA,2024,27800,11500,Petrol,2024-01-30,Blue,2.0
428,K5,KIA,2023,25300,75000,LPG,2024-05-12,Silver,1.6
429,K5,KIA,2022,24100,30000,Petrol,2024-02-23,White,2.0
430,K5,KIA,2024,26400,12000,LPG,2024-03-07,Gray,1.6
431,K5,KIA,2023,24700,78000,Petrol,2024-05-02,White,2.0
432,K5,KIA,2022,23200,29000,LPG,2024-04-18,Black,1.6
433,K5,KIA,2024,27200,12500,Petrol,2024-02-02,Blue,2.0
434,K5,KIA,2023,25500,80000,LPG,2024-01-13,Silver,1.6
435,K5,KIA,2022,23400,28000,Petrol,2024-03-26,White,2.0
436,K5,KIA,2024,27100,13000,LPG,2024-02-10,Gray,1.6
437,K5,KIA,2023,24900,82000,Petrol,2024-05-15,White,2.0
438,K5,KIA,2022,24200,27000,LPG,2024-01-03,Black,1.6
439,K5,KIA,2024,26300,13500,Petrol,2024-03-19,Blue,2.0
440,K5,KIA,2023,25800,85000,LPG,2024-02-28,Silver,1.6
441,K5,KIA,2022,24000,26000,Petrol,2024-04-11,White,2.0
442,K5,KIA,2024,27600,14000,LPG,2024-01-23,Gray,1.6
443,K5,KIA,2023,25000,88000,Petrol,2024-05-05,White,2.0
444,K5,KIA,2022,24300,25000,LPG,2024-02-15,Black,1.6
445,K5,KIA,2024,27400,14500,Petrol,2024-03-02,Blue,2.0
446,K5,KIA,2023,25900,90000,LPG,2024-01-18,Silver,1.6
447,K5,KIA,2024,25000,12000,Petrol,2024-05-10,White,2.0
448,K5,KIA,2024,27000,8000,LPG,2024-05-15,Black,1.6
449,K5,KIA,2024,28500,14000,Petrol,2024-05-20,Blue,2.0
450,K5,KIA,2024,29500,11000,LPG,2024-05-25,Silver,1.6
451,K5,KIA,2024,28000,7500,Petrol,2024-05-03,White,2.0
452,K5,KIA,2024,29800,13000,LPG,2024-05-08,Gray,1.6
453,K5,KIA,2024,26500,9000,Petrol,2024-05-11,White,2.0
454,K5,KIA,2024,30000,14500,LPG,2024-05-17,Black,1.6
455,K5,KIA,2024,29500,12500,Petrol,2024-05-22,Blue,2.0
456,K5,KIA,2024,29000,14000,LPG,2024-05-27,Silver,1.6
471,K5,KIA,2016,12000,90000,Petrol,2020-08-20,Blue,1.6
472,K5,KIA,2017,14000,75000,LPG,2021-06-15,Silver,2.0
473,K5,KIA,2018,16000,60000,Petrol,2022-04-25,White,1.6
474,K5,KIA,2019,18000,50000,LPG,2023-02-10,Gray,2.0
475,K5,KIA,2020,20000,40000,Petrol,2024-01-05,Black,1.6
476,K5,KIA,2016,12500,85000,LPG,2020-10-12,White,2.0
477,K5,KIA,2017,14500,70000,Petrol,2021-08-17,Blue,1.6
478,K5,KIA,2018,16500,55000,LPG,2022-06-20,Silver,2.0
479,K5,KIA,2019,18500,45000,Petrol,2023-04-30,White,1.6
480,K5,KIA,2020,20500,35000,LPG,2024-03-15,Gray,2.0
481,K5,KIA,2016,13000,80000,Petrol,2020-11-25,Black,1.6
482,K5,KIA,2017,15000,65000,LPG,2021-09-30,White,2.0
483,K5,KIA,2018,17000,50000,Petrol,2022-08-05,Blue,1.6
484,K5,KIA,2019,19000,40000,LPG,2023-06-10,Silver,2.0
485,K5,KIA,2020,21000,30000,Petrol,2024-04-20,White,1.6
486,K5,KIA,2016,13500,75000,LPG,2020-12-30,Gray,2.0
487,K5,KIA,2017,15500,60000,Petrol,2021-11-10,Black,1.6
488,K5,KIA,2018,17500,45000,LPG,2022-09-15,White,2.0
489,K5,KIA,2019,19500,35000,Petrol,2023-07-25,Blue,1.6
490,K5,KIA,2020,21500,25000,LPG,2024-06-05,Silver,2.0
491,K5,KIA,2016,14000,70000,Petrol,2020-02-15,White,1.6
492,K5,KIA,2017,16000,55000,LPG,2021-01-20,Gray,2.0
493,K5,KIA,2018,18000,40000,Petrol,2022-01-25,Black,1.6
494,K5,KIA,2019,20000,30000,LPG,2023-01-30,White,2.0
495,K5,KIA,2020,22000,20000,Petrol,2024-02-05,Blue,1.6
496,K5,KIA,2016,14500,65000,LPG,2020-03-10,Silver,2.0
497,K5,KIA,2017,16500,50000,Petrol,2021-02-15,White,1.6
498,K5,KIA,2018,18500,35000,LPG,2022-02-20,Gray,2.0
499,K5,KIA,2019,20500,25000,Petrol,2023-02-25,Black,1.6
500,K5,KIA,2020,22500,15000,LPG,2024-03-30,White,2.0

501,FIT,HONDA,2003,6900,298000,Petrol,2024-04-03,Black,1.3
502,FIT,HONDA,2009,9800,252000,Petrol,2022-08-23,Blue,1.3
503,FIT,HONDA,2002,4529,350000,Petrol,2020-02-10,Red,1.3
504,FIT,HONDA,2003,4869,200000,Petrol,2020-03-15,Blue,1.3
505,FIT,HONDA,2003,6568,350000,Petrol,2021-05-22,Green,1.5
506,FIT,HONDA,2003,6794,320000,Petrol,2020-07-18,Yellow,1.5
507,FIT,HONDA,2004,6000,550000,Petrol,2021-01-10,White,1.5
508,FIT,HONDA,2003,6228,300000,Petrol,2020-11-05,Black,1.3
509,FIT,HONDA,2002,5662,240000,Petrol,2020-09-25,Gray,1.3
510,FIT,HONDA,2006,6228,340000,Petrol,2021-02-14,Silver,1.5
511,FIT,HONDA,2003,5662,190000,Petrol,2020-12-20,Blue,1.3
512,FIT,HONDA,2012,9000,134000,Petrol,2021-06-10,White,1.5
513,FIT,HONDA,2008,6600,237000,Petrol,2021-03-28,Red,1.3
514,FIT,HONDA,2013,8500,50000,Petrol,2021-04-22,Black,1.5
515,FIT,HONDA,2003,7250,175000,Petrol,2021-08-11,Green,1.3
516,FIT,HONDA,2004,7700,250000,Petrol,2021-12-06,Gray,1.5
517,FIT,HONDA,2003,6500,200000,Petrol,2022-01-18,Silver,1.3
518,FIT,HONDA,2004,5096,223894,Petrol,2022-03-05,White,1.3
519,FIT,HONDA,2005,7021,280000,Petrol,2022-04-12,Blue,1.5
520,FIT,HONDA,2001,5350,290000,Petrol,2022-06-25,Yellow,1.3
521,FIT,HONDA,2004,5096,223874,Petrol,2022-08-15,Black,1.3
522,FIT,HONDA,2005,7021,120000,Petrol,2022-10-07,Red,1.3
523,FIT,HONDA,2001,5350,290000,Petrol,2022-11-21,Green,1.3
524,FIT,HONDA,2008,7500,106550,Petrol,2023-01-13,Blue,1.5
525,FIT,HONDA,2002,4900,175000,Petrol,2023-02-25,White,1.3
526,FIT,HONDA,2004,9059,180000,Petrol,2023-04-18,Gray,1.5
527,FIT,HONDA,2001,5662,320000,Petrol,2023-05-24,Black,1.3
528,FIT,HONDA,2004,6558,220000,Petrol,2023-07-08,Silver,1.3
529,FIT,HONDA,2003,4416,290000,Petrol,2023-08-15,Red,1.3
530,FIT,HONDA,2003,7700,310000,Petrol,2023-09-28,Blue,1.5
531,FIT,HONDA,2004,6900,262000,Petrol,2023-11-20,White,1.3
532,FIT,HONDA,2002,4700,250000,Petrol,2024-01-05,Green,1.3
533,FIT,HONDA,2003,7247,227000,Petrol,2024-02-18,Yellow,1.3
534,FIT,HONDA,2009,7400,185000,Petrol,2024-03-30,Black,1.5
535,FIT,HONDA,2004,6681,294896,Petrol,2024-05-12,Silver,1.3
536,FIT,HONDA,2003,7250,175000,Petrol,2020-04-14,Blue,1.3
537,FIT,HONDA,2007,8500,120000,Petrol,2020-06-18,Red,1.5
538,FIT,HONDA,2004,7927,120000,Petrol,2020-08-10,Green,1.5
539,FIT,HONDA,2011,9000,86600,Petrol,2020-10-05,Black,1.5
540,FIT,HONDA,2002,4726,350000,Petrol,2020-12-15,White,1.3
541,FIT,HONDA,2002,5332,290000,Petrol,2021-02-11,Gray,1.3
542,FIT,HONDA,2003,6568,447972,Petrol,2021-04-28,Yellow,1.5
543,FIT,HONDA,2002,4869,333622,Petrol,2021-06-20,Blue,1.3
544,FIT,HONDA,2005,4400,280000,Petrol,2021-08-15,Silver,1.5
545,FIT,HONDA,2003,7200,278000,Petrol,2021-10-25,Black,1.3
546,FIT,HONDA,2008,7600,180000,Petrol,2021-12-30,Red,1.5
547,FIT,HONDA,2004,7055,121000,Petrol,2022-02-16,White,1.3
548,FIT,HONDA,2008,7060,180000,Petrol,2022-04-05,Green,1.5
549,FIT,HONDA,2004,7055,121000,Petrol,2022-05-19,Blue,1.3
550,FIT,HONDA,2003,5718,212000,Petrol,2022-07-11,Silver,1.3
551,FIT,HONDA,2004,5662,223000,Petrol,2022-09-22,Black,1.3
552,FIT,HONDA,2006,8338,46250,Petrol,2022-11-27,Yellow,1.5
553,FIT,HONDA,2002,4077,334000,Petrol,2023-01-14,Red,1.3
554,FIT,HONDA,2003,5888,299999,Petrol,2023-03-21,Blue,1.3
555,FIT,HONDA,2016,6700,200001,Petrol,2023-05-30,White,1.3
556,FIT,HONDA,2002,6200,100000,Petrol,2023-07-25,Gray,1.3
557,FIT,HONDA,2004,5300,250000,Petrol,2023-09-13,Black,1.3
558,FIT,HONDA,2002,6300,170000,Petrol,2023-11-06,Silver,1.3
559,FIT,HONDA,2006,7000,222000,Petrol,2024-01-10,Red,1.3
560,FIT,HONDA,2004,7813,280000,Petrol,2024-02-28,Blue,1.5
561,FIT,HONDA,2010,10000,164000,Petrol,2024-04-15,White,1.5
562,FIT,HONDA,2006,9000,127589,Petrol,2024-05-26,Green,1.5

563,FIT,HONDA,2002,6200,350000,Petrol,2021-02-10,Red,1.3
564,FIT,HONDA,2003,6300,200000,Petrol,2021-03-15,Blue,1.3
565,FIT,HONDA,2003,8900,350000,Petrol,2021-05-22,Green,1.5
566,FIT,HONDA,2003,9200,320000,Petrol,2021-07-18,Yellow,1.5
567,FIT,HONDA,2004,8500,550000,Petrol,2021-01-10,White,1.5
568,FIT,HONDA,2003,8800,300000,Petrol,2021-11-05,Black,1.3
569,FIT,HONDA,2002,8700,240000,Petrol,2021-09-25,Gray,1.3
570,FIT,HONDA,2006,8800,340000,Petrol,2021-02-14,Silver,1.5
571,FIT,HONDA,2003,8700,190000,Petrol,2021-12-20,Blue,1.3
572,FIT,HONDA,2003,9000,175000,Petrol,2021-08-11,Green,1.3
573,FIT,HONDA,2004,11000,250000,Petrol,2021-12-06,Gray,1.5
574,FIT,HONDA,2003,8700,200000,Petrol,2022-01-18,Silver,1.3
575,FIT,HONDA,2004,7400,223894,Petrol,2022-03-05,White,1.3
576,FIT,HONDA,2005,9500,280000,Petrol,2022-04-12,Blue,1.5
577,FIT,HONDA,2004,7400,223874,Petrol,2022-08-15,Black,1.3
578,FIT,HONDA,2005,9500,120000,Petrol,2022-10-07,Red,1.3
579,FIT,HONDA,2001,8700,290000,Petrol,2022-11-21,Green,1.3
580,FIT,HONDA,2004,8700,220000,Petrol,2022-07-08,Silver,1.3
581,FIT,HONDA,2003,11000,310000,Petrol,2022-09-28,Blue,1.5
582,FIT,HONDA,2004,9500,262000,Petrol,2022-11-20,White,1.3
583,FIT,HONDA,2002,8500,350000,Petrol,2021-12-15,White,1.3
584,FIT,HONDA,2002,8700,290000,Petrol,2021-02-11,Gray,1.3
585,FIT,HONDA,2003,8800,447972,Petrol,2021-04-28,Yellow,1.5
586,FIT,HONDA,2002,8500,333622,Petrol,2021-06-20,Blue,1.3
587,FIT,HONDA,2005,7800,280000,Petrol,2021-08-15,Silver,1.5
588,FIT,HONDA,2003,10000,278000,Petrol,2021-10-25,Black,1.3
589,FIT,HONDA,2004,9400,121000,Petrol,2022-02-16,White,1.3
590,FIT,HONDA,2008,9400,180000,Petrol,2022-04-05,Green,1.5
591,FIT,HONDA,2004,9400,121000,Petrol,2022-05-19,Blue,1.3
592,FIT,HONDA,2003,8000,212000,Petrol,2022-07-11,Silver,1.3
593,FIT,HONDA,2004,8700,223000,Petrol,2022-09-22,Black,1.3
594,FIT,HONDA,2006,12000,46250,Petrol,2022-11-27,Yellow,1.5
595,FIT,HONDA,2002,6500,334000,Petrol,2021-01-14,Red,1.3
596,FIT,HONDA,2003,7800,299999,Petrol,2022-03-21,Blue,1.3
597,FIT,HONDA,2002,10500,100000,Petrol,2022-07-25,Gray,1.3
598,FIT,HONDA,2004,7500,250000,Petrol,2022-09-13,Black,1.3
599,FIT,HONDA,2002,11000,170000,Petrol,2022-11-06,Silver,1.3
600,FIT,HONDA,2006,10000,222000,Petrol,2022-01-10,Red,1.3
601,FIT,HONDA,2004,12000,280000,Petrol,2022-02-28,Blue,1.5
602,FIT,HONDA,2003,6628,300000,Petrol,2021-11-05,Black,1.3
603,FIT,HONDA,2006,6628,340000,Petrol,2021-02-14,Silver,1.5
604,FIT,HONDA,2012,9000,134000,Petrol,2021-06-10,White,1.5
605,FIT,HONDA,2013,8500,50000,Petrol,2021-04-22,Black,1.5
606,FIT,HONDA,2004,8100,250000,Petrol,2021-12-06,Gray,1.5
607,FIT,HONDA,2004,5496,223894,Petrol,2022-03-05,White,1.3
608,FIT,HONDA,2005,7421,280000,Petrol,2022-04-12,Blue,1.5
609,FIT,HONDA,2004,5496,223874,Petrol,2022-08-15,Black,1.3
610,FIT,HONDA,2005,7421,120000,Petrol,2022-10-07,Red,1.3
611,FIT,HONDA,2001,5750,290000,Petrol,2022-11-21,Green,1.3
612,FIT,HONDA,2004,6958,220000,Petrol,2021-07-08,Silver,1.3
613,FIT,HONDA,2003,8100,310000,Petrol,2021-09-28,Blue,1.5
614,FIT,HONDA,2003,7647,227000,Petrol,2022-02-18,Yellow,1.3
615,FIT,HONDA,2003,6968,447972,Petrol,2021-04-28,Yellow,1.5
616,FIT,HONDA,2002,5269,333622,Petrol,2021-06-20,Blue,1.3
617,FIT,HONDA,2005,4800,280000,Petrol,2021-08-15,Silver,1.5
618,FIT,HONDA,2003,7600,278000,Petrol,2021-10-25,Black,1.3
619,FIT,HONDA,2004,7455,121000,Petrol,2022-02-16,White,1.3
620,FIT,HONDA,2008,7460,180000,Petrol,2022-04-05,Green,1.5
621,FIT,HONDA,2004,7455,121000,Petrol,2022-05-19,Blue,1.3
622,FIT,HONDA,2006,8738,46250,Petrol,2022-11-27,Yellow,1.5
623,FIT,HONDA,2002,6600,100000,Petrol,2021-07-25,Gray,1.3
624,FIT,HONDA,2002,8700,240000,Petrol,2021-09-25,Gray,1.3
625,FIT,HONDA,2003,8700,190000,Petrol,2021-12-20,Blue,1.3
626,FIT,HONDA,2003,9000,175000,Petrol,2021-08-11,Green,1.3
627,FIT,HONDA,2004,11000,250000,Petrol,2021-12-06,Gray,1.5
628,FIT,HONDA,2003,8700,200000,Petrol,2022-01-18,Silver,1.3
629,FIT,HONDA,2005,9500,280000,Petrol,2022-04-12,Blue,1.5
630,FIT,HONDA,2004,8700,220000,Petrol,2022-07-08,Silver,1.3
631,FIT,HONDA,2004,9500,262000,Petrol,2022-11-20,White,1.3
632,FIT,HONDA,2002,8700,290000,Petrol,2021-02-11,Gray,1.3
633,FIT,HONDA,2003,8800,447972,Petrol,2021-04-28,Yellow,1.5
634,FIT,HONDA,2002,8500,333622,Petrol,2021-06-20,Blue,1.3
635,FIT,HONDA,2005,7800,280000,Petrol,2021-08-15,Silver,1.5
636,FIT,HONDA,2003,10000,278000,Petrol,2021-10-25,Black,1.3
637,FIT,HONDA,2004,9400,121000,Petrol,2022-02-16,White,1.3
638,FIT,HONDA,2008,9400,180000,Petrol,2022-04-05,Green,1.5
639,FIT,HONDA,2004,9400,121000,Petrol,2022-05-19,Blue,1.3
640,FIT,HONDA,2003,8000,212000,Petrol,2022-07-11,Silver,1.3
641,FIT,HONDA,2004,8700,223000,Petrol,2022-09-22,Black,1.3
642,FIT,HONDA,2006,12000,146250,Petrol,2022-11-27,Yellow,1.5
643,FIT,HONDA,2003,6650,165000,Petrol,2023-08-08,Gray,1.5
644,FIT,HONDA,2004,6950,155000,Petrol,2023-08-20,Blue,1.3
645,FIT,HONDA,2005,7250,145000,Petrol,2023-09-05,Red,1.5
646,FIT,HONDA,2006,7550,135000,Petrol,2023-09-18,Green,1.5
647,FIT,HONDA,2007,7850,125000,Petrol,2023-10-02,Black,1.3
648,FIT,HONDA,2008,8150,115000,Petrol,2023-10-15,White,1.3
649,FIT,HONDA,2003,6350,305000,Petrol,2023-10-20,Red,1.3
650,FIT,HONDA,2004,6650,295000,Petrol,2023-11-05,Green,1.5
651,FIT,HONDA,2005,6950,285000,Petrol,2023-11-18,Blue,1.3
652,FIT,HONDA,2006,7250,275000,Petrol,2023-12-03,Yellow,1.5
653,FIT,HONDA,2007,7550,265000,Petrol,2023-12-15,Black,1.3
654,FIT,HONDA,2008,7850,255000,Petrol,2023-12-28,White,1.3
655,FIT,HONDA,2002,6050,245000,Petrol,2023-01-10,Silver,1.5
656,FIT,HONDA,2003,6350,235000,Petrol,2023-01-25,Gray,1.3
657,FIT,HONDA,2004,6650,225000,Petrol,2023-02-07,Blue,1.5
658,FIT,HONDA,2005,6950,215000,Petrol,2023-02-20,Red,1.3
659,FIT,HONDA,2006,7250,205000,Petrol,2023-03-07,Green,1.5
660,FIT,HONDA,2007,7550,195000,Petrol,2023-03-20,Black,1.3
661,FIT,HONDA,2008,7850,185000,Petrol,2023-04-02,White,1.3
662,FIT,HONDA,2002,6100,175000,Petrol,2023-04-15,Silver,1.3
663,FIT,HONDA,2003,6400,165000,Petrol,2023-04-28,Gray,1.5
664,FIT,HONDA,2004,6700,155000,Petrol,2023-05-10,Blue,1.3
665,FIT,HONDA,2005,7000,145000,Petrol,2023-05-25,Red,1.5
666,FIT,HONDA,2006,7300,135000,Petrol,2023-06-07,Green,1.3
667,FIT,HONDA,2007,7600,125000,Petrol,2023-06-20,Black,1.5
668,FIT,HONDA,2008,7900,115000,Petrol,2023-07-03,White,1.3
669,FIT,HONDA,2002,6150,305000,Petrol,2023-07-15,Silver,1.3
670,FIT,HONDA,2003,6450,295000,Petrol,2023-07-28,Gray,1.3
671,FIT,HONDA,2004,6750,285000,Petrol,2023-08-10,Blue,1.3
672,FIT,HONDA,2005,7050,275000,Petrol,2023-08-23,Red,1.5
673,FIT,HONDA,2006,7350,265000,Petrol,2023-09-05,Green,1.5
674,FIT,HONDA,2007,7650,255000,Petrol,2023-09-18,Black,1.3
675,FIT,HONDA,2008,7950,245000,Petrol,2023-10-01,White,1.3
676,FIT,HONDA,2002,6200,235000,Petrol,2023-10-14,Silver,1.5
677,FIT,HONDA,2003,6500,225000,Petrol,2023-10-27,Gray,1.3
678,FIT,HONDA,2004,6800,215000,Petrol,2023-11-09,Blue,1.5
679,FIT,HONDA,2005,7100,205000,Petrol,2023-11-22,Red,1.3
680,FIT,HONDA,2006,7400,195000,Petrol,2023-12-05,Green,1.5
681,FIT,HONDA,2007,7700,185000,Petrol,2023-12-18,Black,1.3
682,FIT,HONDA,2008,8000,175000,Petrol,2023-12-31,White,1.3
683,FIT,HONDA,2002,6250,165000,Petrol,2024-01-10,Silver,1.3
684,FIT,HONDA,2003,6550,155000,Petrol,2024-01-25,Gray,1.5
685,FIT,HONDA,2004,6850,145000,Petrol,2024-02-07,Blue,1.3
686,FIT,HONDA,2005,7150,135000,Petrol,2024-02-20,Red,1.5
687,FIT,HONDA,2006,7450,125000,Petrol,2024-03-07,Green,1.3
688,FIT,HONDA,2007,7750,115000,Petrol,2024-03-20,Black,1.5
689,FIT,HONDA,2008,8050,105000,Petrol,2024-04-02,White,1.3
690,FIT,HONDA,2002,6300,95000,Petrol,2024-04-15,Silver,1.3
691,FIT,HONDA,2003,6600,85000,Petrol,2024-04-28,Gray,1.5
692,FIT,HONDA,2004,6900,75000,Petrol,2024-05-10,Blue,1.3
693,FIT,HONDA,2005,7200,65000,Petrol,2024-05-23,Red,1.5
694,FIT,HONDA,2006,7500,55000,Petrol,2024-01-07,Green,1.5
695,FIT,HONDA,2007,7800,45000,Petrol,2024-01-20,Black,1.3
696,FIT,HONDA,2008,8100,35000,Petrol,2024-01-03,White,1.3
697,FIT,HONDA,2002,6350,25000,Petrol,2024-02-15,Silver,1.5
698,FIT,HONDA,2003,6650,15000,Petrol,2024-03-28,Gray,1.3
699,FIT,HONDA,2004,6950,5000,Petrol,2024-03-10,Blue,1.5
700,FIT,HONDA,2005,7250,2000,Petrol,2024-03-23,Red,1.3
701,FIT,HONDA,2006,7550,500,Petrol,2024-02-05,Green,1.5
702,FIT,HONDA,2007,7850,200,Petrol,2024-03-18,Black,1.3
703,FIT,HONDA,2008,8150,100,Petrol,2024-10-02,White,1.3
704,FIT,HONDA,2002,6400,50000,Petrol,2024-01-14,Silver,1.5
705,FIT,HONDA,2003,6700,40000,Petrol,2024-03-27,Gray,1.3
706,FIT,HONDA,2004,7000,30000,Petrol,2024-01-09,Blue,1.5
707,FIT,HONDA,2005,7300,20000,Petrol,2024-02-22,Red,1.3
708,FIT,HONDA,2006,7600,10000,Petrol,2024-02-05,Green,1.5
709,FIT,HONDA,2007,7900,15000,Petrol,2024-02-18,Black,1.3
710,FIT,HONDA,2008,8200,25000,Petrol,2024-01-31,White,1.3
711,FIT,HONDA,2002,6450,35000,Petrol,2024-01-10,Silver,1.3
712,FIT,HONDA,2003,6750,45000,Petrol,2024-01-25,Gray,1.5
713,FIT,HONDA,2004,7050,55000,Petrol,2024-02-07,Blue,1.3
714,FIT,HONDA,2005,7350,65000,Petrol,2024-02-20,Red,1.5
715,FIT,HONDA,2006,7650,75000,Petrol,2024-03-07,Green,1.3
716,FIT,HONDA,2007,7950,85000,Petrol,2024-03-20,Black,1.5
717,FIT,HONDA,2008,8250,95000,Petrol,2024-04-02,White,1.3
718,FIT,HONDA,2002,6500,105000,Petrol,2024-04-15,Silver,1.3
719,FIT,HONDA,2003,6600,185000,Petrol,2020-01-10,Blue,1.3
720,FIT,HONDA,2004,6900,175000,Petrol,2020-02-25,Red,1.5
721,FIT,HONDA,2005,7200,165000,Petrol,2020-03-07,Green,1.3
722,FIT,HONDA,2006,7500,155000,Petrol,2020-04-20,Black,1.5
723,FIT,HONDA,2007,7800,145000,Petrol,2020-05-02,White,1.3
724,FIT,HONDA,2008,8100,135000,Petrol,2020-06-15,Silver,1.3
725,FIT,HONDA,2009,8400,125000,Petrol,2020-07-28,Gray,1.5
726,FIT,HONDA,2010,8700,115000,Petrol,2020-08-10,Blue,1.3
727,FIT,HONDA,2002,6400,205000,Petrol,2020-09-23,Red,1.5
728,FIT,HONDA,2003,6700,195000,Petrol,2020-10-05,Green,1.3
729,FIT,HONDA,2004,7000,185000,Petrol,2020-11-18,Black,1.5
730,FIT,HONDA,2005,7300,175000,Petrol,2020-12-30,White,1.3
731,FIT,HONDA,2006,7600,165000,Petrol,2021-01-12,Silver,1.3
732,FIT,HONDA,2007,7900,155000,Petrol,2021-02-25,Gray,1.5
733,FIT,HONDA,2008,8200,145000,Petrol,2021-03-10,Blue,1.3
734,FIT,HONDA,2009,8500,135000,Petrol,2021-04-23,Red,1.5
735,FIT,HONDA,2010,8800,125000,Petrol,2021-05-05,Green,1.3
736,FIT,HONDA,2002,6500,215000,Petrol,2021-06-18,Black,1.5
737,FIT,HONDA,2003,6800,225000,Petrol,2021-07-30,White,1.3
738,FIT,HONDA,2004,7100,235000,Petrol,2021-08-12,Silver,1.3
739,FIT,HONDA,2005,7400,245000,Petrol,2022-10-20,Blue,1.3
740,FIT,HONDA,2006,7700,255000,Petrol,2023-09-05,Red,1.5
741,FIT,HONDA,2007,8000,265000,Petrol,2021-07-15,Green,1.3
742,FIT,HONDA,2008,8300,275000,Petrol,2020-06-30,Black,1.5
743,FIT,HONDA,2009,8600,285000,Petrol,2022-04-02,White,1.3
744,FIT,HONDA,2010,8900,295000,Petrol,2023-01-10,Silver,1.3
745,FIT,HONDA,2002,6600,305000,Petrol,2024-03-28,Gray,1.5
746,FIT,HONDA,2003,6900,315000,Petrol,2020-12-15,Blue,1.3
747,FIT,HONDA,2004,7200,325000,Petrol,2021-08-02,Red,1.5
748,FIT,HONDA,2005,7500,235000,Petrol,2022-11-18,Green,1.3
749,FIT,HONDA,2006,7800,245000,Petrol,2023-04-30,Black,1.5
750,FIT,HONDA,2007,8100,255000,Petrol,2021-05-12,White,1.3
751,FIT,HONDA,2008,8400,265000,Petrol,2020-02-25,Silver,1.3
752,FIT,HONDA,2009,8700,275000,Petrol,2022-09-08,Gray,1.5
753,FIT,HONDA,2010,9000,285000,Petrol,2023-06-20,Blue,1.3
754,FIT,HONDA,2002,6700,295000,Petrol,2024-04-02,Red,1.5
755,FIT,HONDA,2003,7000,305000,Petrol,2020-07-15,Green,1.3
756,FIT,HONDA,2004,7300,315000,Petrol,2021-01-28,Black,1.5
757,FIT,HONDA,2005,7600,325000,Petrol,2022-12-10,White,1.3
758,FIT,HONDA,2006,7900,235000,Petrol,2023-07-22,Silver,1.3
759,FIT,HONDA,2007,8200,245000,Petrol,2021-06-05,Gray,1.5
760,FIT,HONDA,2008,8500,255000,Petrol,2020-03-18,Blue,1.3
761,FIT,HONDA,2009,8800,265000,Petrol,2022-10-30,Red,1.5
762,FIT,HONDA,2010,9100,275000,Petrol,2023-08-12,Green,1.3
763,FIT,HONDA,2002,6800,285000,Petrol,2024-05-25,Black,1.5
764,FIT,HONDA,2003,7100,295000,Petrol,2020-09-07,White,1.3
765,FIT,HONDA,2004,7400,305000,Petrol,2021-03-20,Silver,1.3
766,FIT,HONDA,2005,7700,315000,Petrol,2022-01-02,Gray,1.5
767,FIT,HONDA,2006,8000,325000,Petrol,2023-10-15,Blue,1.3
768,FIT,HONDA,2007,8300,335000,Petrol,2021-09-27,Red,1.5
769,FIT,HONDA,2008,8600,245000,Petrol,2020-04-10,Green,1.3
770,FIT,HONDA,2009,8900,255000,Petrol,2022-11-22,Black,1.5
771,FIT,HONDA,2010,9200,265000,Petrol,2023-09-04,White,1.3
772,FIT,HONDA,2002,6900,275000,Petrol,2024-06-16,Silver,1.3
773,FIT,HONDA,2003,7200,285000,Petrol,2020-10-29,Gray,1.5
774,FIT,HONDA,2004,7500,295000,Petrol,2021-06-11,Blue,1.3
775,FIT,HONDA,2005,7800,305000,Petrol,2022-03-25,Red,1.5
776,FIT,HONDA,2006,8100,315000,Petrol,2023-01-07,Green,1.3
777,FIT,HONDA,2007,8400,325000,Petrol,2021-10-20,Black,1.5
778,FIT,HONDA,2008,8700,335000,Petrol,2020-05-03,White,1.3
779,FIT,HONDA,2009,9000,245000,Petrol,2022-12-15,Silver,1.3
780,FIT,HONDA,2010,9300,255000,Petrol,2023-09-27,Gray,1.5
781,FIT,HONDA,2002,7000,265000,Petrol,2024-07-10,Blue,1.3
782,FIT,HONDA,2003,7300,275000,Petrol,2020-11-22,Red,1.5
783,FIT,HONDA,2004,7600,285000,Petrol,2021-07-05,Green,1.3
784,FIT,HONDA,2005,7900,295000,Petrol,2022-04-18,Black,1.5
785,FIT,HONDA,2006,8200,305000,Petrol,2023-02-01,White,1.3
786,FIT,HONDA,2007,8500,315000,Petrol,2021-11-14,Silver,1.3
787,FIT,HONDA,2008,8800,325000,Petrol,2020-06-28,Gray,1.5
788,FIT,HONDA,2009,9100,335000,Petrol,2022-02-10,Blue,1.3
789,FIT,HONDA,2010,9400,245000,Petrol,2022-12-23,Red,1.5
790,FIT,HONDA,2002,7100,255000,Petrol,2024-08-05,Green,1.3
791,FIT,HONDA,2003,7400,265000,Petrol,2021-01-18,Black,1.5
792,FIT,HONDA,2004,7700,275000,Petrol,2021-08-02,White,1.3
793,FIT,HONDA,2005,8000,285000,Petrol,2022-05-16,Silver,1.3
794,FIT,HONDA,2006,8300,295000,Petrol,2023-02-28,Gray,1.5
795,FIT,HONDA,2007,8600,305000,Petrol,2021-12-13,Blue,1.3
796,FIT,HONDA,2008,8900,315000,Petrol,2020-07-27,Red,1.5
797,FIT,HONDA,2009,9200,325000,Petrol,2022-03-10,Green,1.3
798,FIT,HONDA,2010,9500,335000,Petrol,2022-12-22,Black,1.5
799,FIT,HONDA,2008,9950,180000,Petrol,2024-05-26,Gray,1.5
800,FIT,HONDA,2009,9975,190000,Petrol,2024-06-01,Blue,1.3
801,FIT,HONDA,2010,9925,200000,Petrol,2024-06-07,Red,1.5
802,FIT,HONDA,2011,9950,210000,Petrol,2024-06-14,Green,1.3
803,FIT,HONDA,2012,9900,220000,Petrol,2024-06-20,Black,1.5
804,FIT,HONDA,2013,9950,230000,Petrol,2024-06-26,White,1.3
805,FIT,HONDA,2008,9975,240000,Petrol,2024-07-02,Silver,1.3
806,FIT,HONDA,2009,9925,250000,Petrol,2024-07-08,Gray,1.5
807,FIT,HONDA,2008,9900,175000,Petrol,2023-07-15,White,1.3
808,FIT,HONDA,2009,9800,185000,Petrol,2023-07-30,Silver,1.5
809,FIT,HONDA,2010,9850,195000,Petrol,2023-08-10,Gray,1.3
810,FIT,HONDA,2011,9850,205000,Petrol,2023-08-25,Blue,1.5
811,FIT,HONDA,2012,9900,215000,Petrol,2023-09-05,Red,1.3
812,FIT,HONDA,2013,9850,225000,Petrol,2023-09-20,Green,1.5
813,FIT,HONDA,2008,9900,175000,Petrol,2023-10-02,Black,1.3
814,FIT,HONDA,2009,9800,185000,Petrol,2023-10-15,White,1.5
815,FIT,HONDA,2010,9850,195000,Petrol,2023-10-28,Silver,1.3
816,FIT,HONDA,2011,9850,205000,Petrol,2023-11-10,Gray,1.3
817,FIT,HONDA,2012,9900,215000,Petrol,2023-11-25,Blue,1.5
818,FIT,HONDA,2013,9850,225000,Petrol,2023-12-05,Red,1.3
819,FIT,HONDA,2008,9900,175000,Petrol,2023-12-20,Green,1.5
820,FIT,HONDA,2009,9800,185000,Petrol,2024-01-02,Black,1.3
821,FIT,HONDA,2010,9850,195000,Petrol,2024-01-15,White,1.5
822,FIT,HONDA,2011,9850,205000,Petrol,2024-01-28,Silver,1.3
823,FIT,HONDA,2012,9900,215000,Petrol,2024-02-10,Gray,1.5
824,FIT,HONDA,2013,9850,225000,Petrol,2024-02-25,Blue,1.3
825,FIT,HONDA,2008,9900,175000,Petrol,2024-03-08,Red,1.5
826,FIT,HONDA,2009,9800,185000,Petrol,2024-03-20,Green,1.3
827,FIT,HONDA,2010,9850,195000,Petrol,2024-04-02,Black,1.5
828,FIT,HONDA,2011,9850,205000,Petrol,2024-04-15,White,1.3
829,FIT,HONDA,2012,9900,215000,Petrol,2024-04-30,Silver,1.3
830,FIT,HONDA,2013,9850,225000,Petrol,2024-05-12,Gray,1.5
831,FIT,HONDA,2008,9900,175000,Petrol,2024-05-25,Blue,1.3
832,FIT,HONDA,2009,9800,185000,Petrol,2023-06-31,Red,1.5
833,FIT,HONDA,2010,9850,195000,Petrol,2023-07-15,Green,1.3
834,FIT,HONDA,2011,9850,205000,Petrol,2023-07-30,Black,1.5
835,FIT,HONDA,2012,9900,215000,Petrol,2023-08-10,White,1.3
836,FIT,HONDA,2013,9850,225000,Petrol,2023-08-25,Silver,1.3
837,FIT,HONDA,2009,9975,170000,Petrol,2023-07-02,Red,1.5
838,FIT,HONDA,2010,10300,180000,Petrol,2023-07-05,Green,1.3
839,FIT,HONDA,2011,10250,190000,Petrol,2023-07-08,Black,1.5
840,FIT,HONDA,2012,10180,200000,Petrol,2023-07-11,White,1.3
841,FIT,HONDA,2013,10090,210000,Petrol,2023-07-14,Silver,1.3
842,FIT,HONDA,2008,10050,220000,Petrol,2023-07-17,Gray,1.5
843,FIT,HONDA,2009,10230,230000,Petrol,2023-07-20,Blue,1.3
844,FIT,HONDA,2010,10170,240000,Petrol,2023-07-23,Red,1.5
845,FIT,HONDA,2011,10040,250000,Petrol,2023-07-26,Green,1.3
846,FIT,HONDA,2012,10400,260000,Petrol,2023-07-29,Black,1.5
847,FIT,HONDA,2013,10350,270000,Petrol,2023-08-01,White,1.3
848,FIT,HONDA,2008,9950,280000,Petrol,2023-08-04,Silver,1.3
849,FIT,HONDA,2009,10120,290000,Petrol,2023-08-07,Gray,1.5
850,FIT,HONDA,2010,9980,279000,Petrol,2023-08-10,Blue,1.3
851,FIT,HONDA,2011,10075,210000,Petrol,2023-08-13,Red,1.5
852,FIT,HONDA,2012,10260,220000,Petrol,2023-08-16,Green,1.3
853,FIT,HONDA,2013,10420,230000,Petrol,2023-08-19,Black,1.5
854,FIT,HONDA,2008,9990,250000,Petrol,2023-08-22,White,1.3
855,FIT,HONDA,2009,10200,210000,Petrol,2023-08-25,Silver,1.3
856,FIT,HONDA,2010,10030,240000,Petrol,2023-08-28,Gray,1.5
857,FIT,HONDA,2011,10350,270000,Petrol,2023-08-31,Blue,1.3
858,FIT,HONDA,2012,10500,198000,Petrol,2023-09-03,Red,1.5
859,FIT,HONDA,2013,10480,260000,Petrol,2023-09-06,Green,1.3
860,FIT,HONDA,2008,10010,250000,Petrol,2023-09-09,Black,1.5
861,FIT,HONDA,2009,9500,210000,Petrol,2023-10-15,Silver,1.3
862,FIT,HONDA,2010,9800,180000,Petroll,2023-10-20,Black,1.5
863,FIT,HONDA,2008,9200,220000,Petrol,2023-10-25,Blue,1.3
864,FIT,HONDA,2011,10500,160000,Petrol,2023-11-01,Red,1.5
865,FIT,HONDA,2009,9300,230000,Petrol,2023-11-05,White,1.3
866,FIT,HONDA,2010,9600,170000,Petrol,2023-11-10,Silver,1.3
867,FIT,HONDA,2008,9000,240000,Petrol,2023-11-15,Gray,1.5
868,FIT,HONDA,2012,10200,150000,Petrol,2023-11-20,Black,1.3
869,FIT,HONDA,2009,9400,250000,Petrol,2023-11-25,Blue,1.5
870,FIT,HONDA,2010,9700,160000,Petrol,2023-11-30,Red,1.3
871,FIT,HONDA,2008,9100,260000,Petrol,2023-12-05,Green,1.5
872,FIT,HONDA,2011,10600,170000,Petrol,2023-12-10,White,1.3
873,FIT,HONDA,2009,9500,270000,Petrol,2023-12-15,Silver,1.3
874,FIT,HONDA,2010,9800,180000,Petrol,2023-12-20,Black,1.5
875,FIT,HONDA,2008,9200,280000,Petrol,2023-12-25,Blue,1.3
876,FIT,HONDA,2011,10500,190000,Petrol,2023-12-30,Red,1.5
877,FIT,HONDA,2009,9300,290000,Petrol,2024-01-03,White,1.3
878,FIT,HONDA,2010,9600,200000,Petrol,2024-01-08,Silver,1.3
879,FIT,HONDA,2008,9000,300000,Petrol,2024-01-13,Gray,1.5
880,FIT,HONDA,2012,10200,210000,Petrol,2024-01-18,Black,1.3
881,FIT,HONDA,2009,9400,310000,Petrol,2024-01-23,Blue,1.5
882,FIT,HONDA,2010,9700,220000,Petrol,2024-01-28,Red,1.3
883,FIT,HONDA,2008,9100,320000,Petrol,2024-02-02,Green,1.5
884,FIT,HONDA,2011,10600,230000,Petrol,2024-02-07,White,1.3
885,FIT,HONDA,2009,9500,330000,Petrol,2024-02-12,Silver,1.3
886,FIT,HONDA,2010,9800,240000,Petrol,2024-02-17,Black,1.5
887,FIT,HONDA,2008,9200,340000,Petrol,2024-02-22,Blue,1.3
888,FIT,HONDA,2011,10500,250000,Petrol,2024-02-27,Red,1.5
889,FIT,HONDA,2009,9300,350000,Petrol,2024-03-03,White,1.3
890,FIT,HONDA,2010,9600,260000,Petrol,2024-03-08,Silver,1.3
891,FIT,HONDA,2008,9000,360000,Petrol,2024-03-13,Gray,1.5
892,FIT,HONDA,2012,10200,270000,Petrol,2024-01-23,White,1.5
893,FIT,HONDA,2005,7500,200000,Petrol,2023-06-20,Blue,1.5
894,FIT,HONDA,2007,8300,180000,Petrol,2023-07-01,Red,1.3
895,FIT,HONDA,2004,5800,220000,Petrol,2023-08-15,Green,1.5
896,FIT,HONDA,2006,6700,210000,Petrol,2023-09-05,Black,1.3
897,FIT,HONDA,2003,5500,230000,Petrol,2023-09-25,White,1.3
898,FIT,HONDA,2002,5200,240000,Petrol,2023-10-15,Silver,1.5
899,FIT,HONDA,2007,6900,190000,Petrol,2023-10-30,Gray,1.3
900,FIT,HONDA,2004,6000,210000,Petrol,2023-11-12,Blue,1.5
901,FIT,HONDA,2006,6800,200000,Petrol,2023-12-05,Red,1.3
902,FIT,HONDA,2005,7600,180000,Petrol,2023-12-20,Green,1.5
903,FIT,HONDA,2008,8500,220000,Petrol,2024-01-10,Black,1.3
904,FIT,HONDA,2003,5700,230000,Petrol,2024-01-25,White,1.3
905,FIT,HONDA,2002,5400,240000,Petrol,2024-02-07,Silver,1.5
906,FIT,HONDA,2007,7000,190000,Petrol,2024-02-20,Gray,1.3
907,FIT,HONDA,2004,6200,210000,Petrol,2024-03-07,Blue,1.5
908,FIT,HONDA,2006,6900,200000,Petrol,2024-03-20,Red,1.5
909,FIT,HONDA,2005,7700,180000,Petrol,2024-04-02,Green,1.3
910,FIT,HONDA,2008,8600,220000,Petrol,2024-04-15,Black,1.3
911,FIT,HONDA,2003,5900,230000,Petrol,2024-04-30,White,1.3
912,FIT,HONDA,2002,5600,240000,Petrol,2024-05-10,Silver,1.3
913,FIT,HONDA,2007,7200,190000,Petrol,2024-05-25,Gray,1.5
914,FIT,HONDA,2004,6400,210000,Petrol,2024-04-07,Blue,1.3
915,FIT,HONDA,2006,7100,200000,Petrol,2024-04-20,Red,1.5
916,FIT,HONDA,2005,7800,180000,Petrol,2024-02-03,Green,1.3
917,FIT,HONDA,2008,8700,220000,Petrol,2024-02-15,Black,1.3
918,FIT,HONDA,2003,6000,230000,Petrol,2024-02-28,White,1.3
919,FIT,HONDA,2002,5700,240000,Petrol,2024-02-10,Silver,1.5
920,FIT,HONDA,2007,7300,190000,Petrol,2024-02-23,Gray,1.3
921,FIT,HONDA,2004,6500,210000,Petrol,2024-02-05,Blue,1.5
922,FIT,HONDA,2006,7200,200000,Petrol,2024-02-18,Red,1.3
923,FIT,HONDA,2005,7900,180000,Petrol,2024-01-01,Green,1.5
924,FIT,HONDA,2008,8800,220000,Petrol,2024-01-14,Black,1.3
925,FIT,HONDA,2003,6100,230000,Petrol,2024-01-27,White,1.3
926,FIT,HONDA,2002,5800,240000,Petrol,2024-03-09,Silver,1.3
927,FIT,HONDA,2007,7400,190000,Petrol,2024-02-22,Gray,1.5
928,FIT,HONDA,2004,6700,210000,Petrol,2024-02-05,Blue,1.5
929,FIT,HONDA,2006,7300,200000,Petroll,2024-02-18,Red,1.3
930,FIT,HONDA,2005,8000,180000,Petrol,2024-01-31,Green,1.5
930,FIT,HONDA,2002,5800,240000,Petrol,2020-02-14,Silver,1.3
931,FIT,HONDA,2007,7400,190000,Petrol,2023-01-05,Gray,1.5
932,FIT,HONDA,2004,6600,210000,Petrol,2020-06-30,Blue,1.5
933,FIT,HONDA,2006,7300,200000,Petrol,2022-08-20,Red,1.3
934,FIT,HONDA,2005,8000,180000,Petrol,2020-12-14,Green,1.5
935,FIT,HONDA,2008,8900,220000,Petrol,2022-11-24,Black,1.3
936,FIT,HONDA,2003,6200,230000,Petrol,2022-07-18,White,1.3
937,FIT,HONDA,2002,5900,240000,Petrol,2020-09-09,Silver,1.5
938,FIT,HONDA,2007,7500,190000,Petrol,2023-05-30,Gray,1.3
939,FIT,HONDA,2004,6700,210000,Petrol,2020-08-22,Blue,1.5
940,FIT,HONDA,2006,7400,200000,Petrol,2022-03-10,Red,1.3
941,FIT,HONDA,2005,8100,180000,Petrol,2020-04-03,Green,1.5
942,FIT,HONDA,2008,9000,220000,Petrol,2023-02-25,Black,1.3
943,FIT,HONDA,2003,6300,230000,Petrol,2022-10-07,White,1.3
944,FIT,HONDA,2002,6000,240000,Petrol,2020-01-29,Silver,1.5
945,FIT,HONDA,2007,7600,190000,Petrol,2023-01-20,Gray,1.5
946,FIT,HONDA,2004,6800,210000,Petrol,2020-07-13,Blue,1.5
947,FIT,HONDA,2006,7500,200000,Petrol,2022-09-05,Red,1.3
948,FIT,HONDA,2005,8200,180000,Petrol,2020-11-18,Green,1.5
949,FIT,HONDA,2008,9100,220000,Petrol,2023-01-10,Black,1.3
950,FIT,HONDA,2003,6400,230000,Petrol,2022-07-25,White,1.3
951,FIT,HONDA,2002,6100,240000,Petrol,2020-10-16,Silver,1.5
952,FIT,HONDA,2007,7700,190000,Petrol,2023-05-08,Gray,1.3
953,FIT,HONDA,2004,6900,210000,Petrol,2020-09-01,Blue,1.5
954,FIT,HONDA,2006,7600,200000,Petrol,2022-03-25,Red,1.3
955,FIT,HONDA,2005,8300,180000,Petrol,2020-05-18,Green,1.5
956,FIT,HONDA,2008,9200,220000,Petrol,2022-12-10,Black,1.3
957,FIT,HONDA,2003,6500,230000,Petrol,2022-08-03,White,1.3
958,FIT,HONDA,2002,6200,240000,Petrol,2020-02-25,Silver,1.5
959,FIT,HONDA,2007,7800,190000,Petrol,2023-01-16,Gray,1.3
960,FIT,HONDA,2004,7000,210000,Petrol,2020-07-09,Blue,1.5
961,FIT,HONDA,2006,7700,200000,Petrol,2022-09-01,Red,1.3
962,FIT,HONDA,2019,12500,60000,Petrol,2024-01-05,White,1.3
963,FIT,HONDA,2017,12000,50000,Petrol,2024-01-15,Black,1.5
964,FIT,HONDA,2018,12200,40000,Petrol,2024-01-25,Gray,1.3
965,FIT,HONDA,2016,11800,70000,Petrol,2024-02-05,Blue,1.5
966,FIT,HONDA,2020,12800,80000,Petrol,2024-02-15,Red,1.3
967,FIT,HONDA,2019,12550,60000,Petrol,2024-02-25,White,1.3
968,FIT,HONDA,2017,12050,50000,Petrol,2024-03-05,Black,1.5
969,FIT,HONDA,2018,12250,40000,Petrol,2024-03-15,Gray,1.3
970,FIT,HONDA,2016,11850,70000,Petrol,2024-03-25,Blue,1.5
971,FIT,HONDA,2020,12850,80000,Petrol,2024-04-04,Red,1.3
972,FIT,HONDA,2019,12600,60000,Petrol,2024-04-14,White,1.3
973,FIT,HONDA,2017,12100,50000,Petrol,2024-04-24,Black,1.5
974,FIT,HONDA,2018,12300,40000,Petrol,2024-05-04,Gray,1.3
975,FIT,HONDA,2016,11900,70000,Petrol,2024-05-14,Blue,1.5
976,FIT,HONDA,2020,12900,80000,Petrol,2024-05-24,Red,1.3
977,FIT,HONDA,2019,12650,60000,Petrol,2024-06-03,White,1.3
978,FIT,HONDA,2017,12150,50000,Petrol,2024-06-13,Black,1.5
979,FIT,HONDA,2018,12350,40000,Petrol,2024-06-23,Gray,1.3
980,FIT,HONDA,2016,11950,70000,Petrol,2024-07-03,Blue,1.5
981,FIT,HONDA,2020,12950,30000,Petrol,2024-07-13,Red,1.3
982,FIT,HONDA,2020,14000,60000,Petrol,2024-01-01,White,1.3
983,FIT,HONDA,2021,14540,50000,Petrol,2024-03-02,Black,1.5
984,FIT,HONDA,2022,14560,40000,Petrol,2024-02-03,Gray,1.3
985,FIT,HONDA,2023,14080,350000,Petrol,2024-03-04,Blue,1.5
986,FIT,HONDA,2020,14100,80000,Petrol,2024-03-05,Red,1.3
987,FIT,HONDA,2021,14120,60000,Petrol,2024-05-06,White,1.3
988,FIT,HONDA,2022,14140,50000,Petrol,2024-05-07,Black,1.5
989,FIT,HONDA,2023,15060,40000,Petrol,2024-05-08,Gray,1.3
990,FIT,HONDA,2020,15000,70000,Petrol,2024-04-09,Blue,1.5
991,FIT,HONDA,2021,15200,80000,Petrol,2024-02-10,Red,1.3
992,FIT,HONDA,2022,14170,16500,Petrol,2023-10-15,Silver,1.3
993,FIT,HONDA,2021,14230,15500,Petrol,2022-07-28,Gray,1.5
994,FIT,HONDA,2020,14320,94500,Petrol,2023-03-12,Blue,1.3
995,FIT,HONDA,2021,14190,35000,Petrol,2022-11-05,Red,1.5
996,FIT,HONDA,2022,14280,30000,Petrol,2023-05-20,Green,1.3
997,FIT,HONDA,2020,14360,70000,Petrol,2022-03-03,Black,1.3
998,FIT,HONDA,2021,14250,18000,Petrol,2023-07-18,White,1.5
999,FIT,HONDA,2020,14200,75000,Petrol,2022-08-21,Gray,1.3
1000,FIT,HONDA,2020,14310,60000,Petrol,2023-12-24,Blue,1.5

1001,CAMRY 70,TOYOTA,2019,20500,188000,Petrol,2024-04-14,Black,2.5
1002,CAMRY 70,TOYOTA,2021,26500,86000,Hybrid,2024-05-10,Black,2.5
1003,CAMRY 70,TOYOTA,2023,30600,60400,Hybrid,2024-05-03,White,2.5
1004,CAMRY 70,TOYOTA,2018,18500,110000,Petrol,2024-04-20,Silver,2.5
1005,CAMRY 70,TOYOTA,2020,24500,75000,Hybrid,2024-05-22,White,2.5
1006,CAMRY 70,TOYOTA,2022,28500,50000,Hybrid,2024-05-25,Blue,2.5
1007,CAMRY 70,TOYOTA,2018,16800,150000,Petrol,2024-03-28,Red,2.5
1008,CAMRY 70,TOYOTA,2019,22500,95000,Hybrid,2024-04-30,Black,2.5
1009,CAMRY 70,TOYOTA,2021,27000,80000,Petrol,2024-05-20,Blue,2.5
1010,CAMRY 70,TOYOTA,2023,31500,62000,Hybrid,2024-05-15,Silver,2.5
1011,CAMRY 70,TOYOTA,2018,19500,105000,Petrol,2024-04-10,White,2.5
1012,CAMRY 70,TOYOTA,2020,25500,72000,Hybrid,2024-04-05,Black,2.5
1013,CAMRY 70,TOYOTA,2022,29500,55000,Petrol,2024-03-30,Red,2.5
1014,CAMRY 70,TOYOTA,2018,17200,145000,Hybrid,2024-03-25,Silver,2.5
1015,CAMRY 70,TOYOTA,2019,23500,91000,Petrol,2024-05-05,White,2.5
1016,CAMRY 70,TOYOTA,2021,27500,78000,Hybrid,2024-05-12,Black,2.5
1017,CAMRY 70,TOYOTA,2023,32500,58000,Petrol,2024-05-08,Blue,2.5
1018,CAMRY 70,TOYOTA,2018,20500,100000,Hybrid,2024-04-02,Red,2.5
1019,CAMRY 70,TOYOTA,2020,26500,68000,Petrol,2024-04-19,Silver,2.5
1020,CAMRY 70,TOYOTA,2022,30500,52000,Hybrid,2024-05-17,White,2.5
1021,CAMRY 70,TOYOTA,2018,17800,140000,Petrol,2024-05-01,Black,2.5
1022,CAMRY 70,TOYOTA,2019,24500,88000,Hybrid,2024-03-27,Red,2.5
1023,CAMRY 70,TOYOTA,2021,28500,76000,Petrol,2024-05-23,White,2.5
1024,CAMRY 70,TOYOTA,2023,33500,56000,Hybrid,2024-05-09,Black,2.5
1025,CAMRY 70,TOYOTA,2018,21500,95000,Petrol,2024-05-06,Blue,2.5
1026,CAMRY 70,TOYOTA,2020,27500,70000,Hybrid,2024-04-21,Silver,2.5
1027,CAMRY 70,TOYOTA,2022,31500,48000,Petrol,2024-05-02,Red,2.5
1028,CAMRY 70,TOYOTA,2018,18200,135000,Hybrid,2024-04-15,White,2.5
1029,CAMRY 70,TOYOTA,2019,25500,93000,Petrol,2024-03-29,Black,2.5
1030,CAMRY 70,TOYOTA,2021,29500,74000,Hybrid,2024-04-24,Red,2.5
1031,CAMRY 70,TOYOTA,2023,34500,54000,Petrol,2024-05-18,Blue,2.5
1032,CAMRY 70,TOYOTA,2018,22500,98000,Hybrid,2024-04-13,Silver,2.5
1033,CAMRY 70,TOYOTA,2020,28500,65000,Petrol,2024-05-03,White,2.5
1034,CAMRY 70,TOYOTA,2022,32500,50000,Hybrid,2024-05-26,Black,2.5
1035,CAMRY 70,TOYOTA,2018,18600,130000,Petrol,2024-04-07,Red,2.5
1036,CAMRY 70,TOYOTA,2019,26500,96000,Hybrid,2024-04-01,Black,2.5
1037,CAMRY 70,TOYOTA,2021,30500,72000,Petrol,2024-05-14,White,2.5
1038,CAMRY 70,TOYOTA,2023,35500,52000,Hybrid,2024-04-28,Blue,2.5
1039,CAMRY 70,TOYOTA,2018,23500,105000,Petrol,2024-05-24,Silver,2.5
1040,CAMRY 70,TOYOTA,2020,29500,68000,Hybrid,2024-05-11,Red,2.5



